<?xml version="1.0" encoding="UTF-8"?>
<export version="E">
  <design>
    <source>C:\Users\calde\OneDrive\Escritorio\CanSat UTN\Diseño CanSat UTN\Placa de avisos\Placa de avisos.kicad_sch</source>
    <date>28/9/2023 19:38:44</date>
    <tool>Eeschema 7.0.5</tool>
    <sheet number="1" name="/" tstamps="/">
      <title_block>
        <title/>
        <company/>
        <rev/>
        <date/>
        <source>Placa de avisos.kicad_sch</source>
        <comment number="1" value=""/>
        <comment number="2" value=""/>
        <comment number="3" value=""/>
        <comment number="4" value=""/>
        <comment number="5" value=""/>
        <comment number="6" value=""/>
        <comment number="7" value=""/>
        <comment number="8" value=""/>
        <comment number="9" value=""/>
      </title_block>
    </sheet>
  </design>
  <components>
    <comp ref="BZ1">
      <value>Buzzer</value>
      <footprint>Buzzer_Beeper:Buzzer_12x9.5RM7.6</footprint>
      <libsource lib="Device" part="Buzzer" description="Buzzer, polarized"/>
      <property name="Sheetname" value=""/>
      <property name="Sheetfile" value="Placa de avisos.kicad_sch"/>
      <property name="ki_description" value="Buzzer, polarized"/>
      <property name="ki_keywords" value="quartz resonator ceramic"/>
      <sheetpath names="/" tstamps="/"/>
      <tstamps>bc060ace-916c-4635-9683-9a07ee69014d</tstamps>
    </comp>
    <comp ref="D1">
      <value>LED</value>
      <footprint>LED_THT:LED_D5.0mm</footprint>
      <libsource lib="Device" part="LED" description="Light emitting diode"/>
      <property name="Sheetname" value=""/>
      <property name="Sheetfile" value="Placa de avisos.kicad_sch"/>
      <property name="ki_description" value="Light emitting diode"/>
      <property name="ki_keywords" value="LED diode"/>
      <sheetpath names="/" tstamps="/"/>
      <tstamps>a076fbbb-902c-4e5e-bfec-56226767404b</tstamps>
    </comp>
    <comp ref="D2">
      <value>LED</value>
      <footprint>LED_THT:LED_D5.0mm</footprint>
      <libsource lib="Device" part="LED" description="Light emitting diode"/>
      <property name="Sheetname" value=""/>
      <property name="Sheetfile" value="Placa de avisos.kicad_sch"/>
      <property name="ki_description" value="Light emitting diode"/>
      <property name="ki_keywords" value="LED diode"/>
      <sheetpath names="/" tstamps="/"/>
      <tstamps>d6a0ca72-33c3-49d4-91bb-cb38ec07f487</tstamps>
    </comp>
    <comp ref="D3">
      <value>LED</value>
      <footprint>LED_THT:LED_D5.0mm</footprint>
      <libsource lib="Device" part="LED" description="Light emitting diode"/>
      <property name="Sheetname" value=""/>
      <property name="Sheetfile" value="Placa de avisos.kicad_sch"/>
      <property name="ki_description" value="Light emitting diode"/>
      <property name="ki_keywords" value="LED diode"/>
      <sheetpath names="/" tstamps="/"/>
      <tstamps>7b87c202-0ebb-4f86-bb03-c0b937218b61</tstamps>
    </comp>
    <comp ref="D4">
      <value>LED</value>
      <footprint>LED_THT:LED_D5.0mm</footprint>
      <libsource lib="Device" part="LED" description="Light emitting diode"/>
      <property name="Sheetname" value=""/>
      <property name="Sheetfile" value="Placa de avisos.kicad_sch"/>
      <property name="ki_description" value="Light emitting diode"/>
      <property name="ki_keywords" value="LED diode"/>
      <sheetpath names="/" tstamps="/"/>
      <tstamps>b0d0001b-9406-4aa9-8abd-80266760f0b9</tstamps>
    </comp>
    <comp ref="D5">
      <value>LED</value>
      <footprint>LED_THT:LED_D5.0mm</footprint>
      <libsource lib="Device" part="LED" description="Light emitting diode"/>
      <property name="Sheetname" value=""/>
      <property name="Sheetfile" value="Placa de avisos.kicad_sch"/>
      <property name="ki_description" value="Light emitting diode"/>
      <property name="ki_keywords" value="LED diode"/>
      <sheetpath names="/" tstamps="/"/>
      <tstamps>b592bd1a-818c-4dfe-a9ff-f5e58ce04d67</tstamps>
    </comp>
    <comp ref="D6">
      <value>LED</value>
      <footprint>LED_THT:LED_D5.0mm</footprint>
      <libsource lib="Device" part="LED" description="Light emitting diode"/>
      <property name="Sheetname" value=""/>
      <property name="Sheetfile" value="Placa de avisos.kicad_sch"/>
      <property name="ki_description" value="Light emitting diode"/>
      <property name="ki_keywords" value="LED diode"/>
      <sheetpath names="/" tstamps="/"/>
      <tstamps>2c1a9781-92a5-487e-9f09-e3455445fd93</tstamps>
    </comp>
    <comp ref="J1">
      <value>Conn_01x15_MountingPin</value>
      <footprint>Connector_PinHeader_2.54mm:PinHeader_1x15_P2.54mm_Vertical</footprint>
      <libsource lib="Connector_Generic_MountingPin" part="Conn_01x15_MountingPin" description="Generic connectable mounting pin connector, single row, 01x15, script generated (kicad-library-utils/schlib/autogen/connector/)"/>
      <property name="Sheetname" value=""/>
      <property name="Sheetfile" value="Placa de avisos.kicad_sch"/>
      <property name="ki_description" value="Generic connectable mounting pin connector, single row, 01x15, script generated (kicad-library-utils/schlib/autogen/connector/)"/>
      <property name="ki_keywords" value="connector"/>
      <sheetpath names="/" tstamps="/"/>
      <tstamps>6edd5738-ad29-4eb4-8102-3da776ab1c74</tstamps>
    </comp>
    <comp ref="J2">
      <value>Conn_01x15_MountingPin</value>
      <footprint>Connector_PinHeader_2.54mm:PinHeader_1x15_P2.54mm_Vertical</footprint>
      <libsource lib="Connector_Generic_MountingPin" part="Conn_01x15_MountingPin" description="Generic connectable mounting pin connector, single row, 01x15, script generated (kicad-library-utils/schlib/autogen/connector/)"/>
      <property name="Sheetname" value=""/>
      <property name="Sheetfile" value="Placa de avisos.kicad_sch"/>
      <property name="ki_description" value="Generic connectable mounting pin connector, single row, 01x15, script generated (kicad-library-utils/schlib/autogen/connector/)"/>
      <property name="ki_keywords" value="connector"/>
      <sheetpath names="/" tstamps="/"/>
      <tstamps>39f44fc3-ee9c-40c4-9655-290ceaf5cb84</tstamps>
    </comp>
    <comp ref="R1">
      <value>R</value>
      <footprint>Resistor_THT:R_Axial_DIN0204_L3.6mm_D1.6mm_P5.08mm_Horizontal</footprint>
      <libsource lib="Device" part="R" description="Resistor"/>
      <property name="Sheetname" value=""/>
      <property name="Sheetfile" value="Placa de avisos.kicad_sch"/>
      <property name="ki_description" value="Resistor"/>
      <property name="ki_keywords" value="R res resistor"/>
      <sheetpath names="/" tstamps="/"/>
      <tstamps>2f5ef309-f7ce-4c17-aab2-00e899439c03</tstamps>
    </comp>
    <comp ref="R2">
      <value>R</value>
      <footprint>Resistor_THT:R_Axial_DIN0204_L3.6mm_D1.6mm_P5.08mm_Horizontal</footprint>
      <libsource lib="Device" part="R" description="Resistor"/>
      <property name="Sheetname" value=""/>
      <property name="Sheetfile" value="Placa de avisos.kicad_sch"/>
      <property name="ki_description" value="Resistor"/>
      <property name="ki_keywords" value="R res resistor"/>
      <sheetpath names="/" tstamps="/"/>
      <tstamps>d42d1987-150f-4f88-a4d2-28ba70ef0857</tstamps>
    </comp>
    <comp ref="R3">
      <value>R</value>
      <footprint>Resistor_THT:R_Axial_DIN0204_L3.6mm_D1.6mm_P5.08mm_Horizontal</footprint>
      <libsource lib="Device" part="R" description="Resistor"/>
      <property name="Sheetname" value=""/>
      <property name="Sheetfile" value="Placa de avisos.kicad_sch"/>
      <property name="ki_description" value="Resistor"/>
      <property name="ki_keywords" value="R res resistor"/>
      <sheetpath names="/" tstamps="/"/>
      <tstamps>468300d9-56d1-4172-98c1-a686d904f639</tstamps>
    </comp>
    <comp ref="R4">
      <value>R</value>
      <footprint>Resistor_THT:R_Axial_DIN0204_L3.6mm_D1.6mm_P5.08mm_Horizontal</footprint>
      <libsource lib="Device" part="R" description="Resistor"/>
      <property name="Sheetname" value=""/>
      <property name="Sheetfile" value="Placa de avisos.kicad_sch"/>
      <property name="ki_description" value="Resistor"/>
      <property name="ki_keywords" value="R res resistor"/>
      <sheetpath names="/" tstamps="/"/>
      <tstamps>0cdb2526-96f9-4919-a19c-b057f6da4bae</tstamps>
    </comp>
    <comp ref="R5">
      <value>R</value>
      <footprint>Resistor_THT:R_Axial_DIN0204_L3.6mm_D1.6mm_P5.08mm_Horizontal</footprint>
      <libsource lib="Device" part="R" description="Resistor"/>
      <property name="Sheetname" value=""/>
      <property name="Sheetfile" value="Placa de avisos.kicad_sch"/>
      <property name="ki_description" value="Resistor"/>
      <property name="ki_keywords" value="R res resistor"/>
      <sheetpath names="/" tstamps="/"/>
      <tstamps>742a038f-473c-49f7-b7ac-0f660b2883db</tstamps>
    </comp>
    <comp ref="R6">
      <value>R</value>
      <footprint>Resistor_THT:R_Axial_DIN0204_L3.6mm_D1.6mm_P5.08mm_Horizontal</footprint>
      <libsource lib="Device" part="R" description="Resistor"/>
      <property name="Sheetname" value=""/>
      <property name="Sheetfile" value="Placa de avisos.kicad_sch"/>
      <property name="ki_description" value="Resistor"/>
      <property name="ki_keywords" value="R res resistor"/>
      <sheetpath names="/" tstamps="/"/>
      <tstamps>13f6fdae-702d-4e76-ad77-47abccec9c2d</tstamps>
    </comp>
  </components>
  <libparts>
    <libpart lib="Connector_Generic_MountingPin" part="Conn_01x15_MountingPin">
      <description>Generic connectable mounting pin connector, single row, 01x15, script generated (kicad-library-utils/schlib/autogen/connector/)</description>
      <docs>~</docs>
      <footprints>
        <fp>Connector*:*_1x??-1MP*</fp>
      </footprints>
      <fields>
        <field name="Reference">J</field>
        <field name="Value">Conn_01x15_MountingPin</field>
        <field name="Datasheet">~</field>
      </fields>
      <pins>
        <pin num="1" name="Pin_1" type="passive"/>
        <pin num="2" name="Pin_2" type="passive"/>
        <pin num="3" name="Pin_3" type="passive"/>
        <pin num="4" name="Pin_4" type="passive"/>
        <pin num="5" name="Pin_5" type="passive"/>
        <pin num="6" name="Pin_6" type="passive"/>
        <pin num="7" name="Pin_7" type="passive"/>
        <pin num="8" name="Pin_8" type="passive"/>
        <pin num="9" name="Pin_9" type="passive"/>
        <pin num="10" name="Pin_10" type="passive"/>
        <pin num="11" name="Pin_11" type="passive"/>
        <pin num="12" name="Pin_12" type="passive"/>
        <pin num="13" name="Pin_13" type="passive"/>
        <pin num="14" name="Pin_14" type="passive"/>
        <pin num="15" name="Pin_15" type="passive"/>
        <pin num="MP" name="MountPin" type="passive"/>
      </pins>
    </libpart>
    <libpart lib="Device" part="Buzzer">
      <description>Buzzer, polarized</description>
      <docs>~</docs>
      <footprints>
        <fp>*Buzzer*</fp>
      </footprints>
      <fields>
        <field name="Reference">BZ</field>
        <field name="Value">Buzzer</field>
        <field name="Datasheet">~</field>
      </fields>
      <pins>
        <pin num="1" name="-" type="passive"/>
        <pin num="2" name="+" type="passive"/>
      </pins>
    </libpart>
    <libpart lib="Device" part="LED">
      <description>Light emitting diode</description>
      <docs>~</docs>
      <footprints>
        <fp>LED*</fp>
        <fp>LED_SMD:*</fp>
        <fp>LED_THT:*</fp>
      </footprints>
      <fields>
        <field name="Reference">D</field>
        <field name="Value">LED</field>
        <field name="Datasheet">~</field>
      </fields>
      <pins>
        <pin num="1" name="K" type="passive"/>
        <pin num="2" name="A" type="passive"/>
      </pins>
    </libpart>
    <libpart lib="Device" part="R">
      <description>Resistor</description>
      <docs>~</docs>
      <footprints>
        <fp>R_*</fp>
      </footprints>
      <fields>
        <field name="Reference">R</field>
        <field name="Value">R</field>
        <field name="Datasheet">~</field>
      </fields>
      <pins>
        <pin num="1" name="" type="passive"/>
        <pin num="2" name="" type="passive"/>
      </pins>
    </libpart>
  </libparts>
  <libraries>
    <library logical="Connector_Generic_MountingPin">
      <uri>C:\Program Files\KiCad\7.0\share\kicad\symbols\/Connector_Generic_MountingPin.kicad_sym</uri>
    </library>
    <library logical="Device">
      <uri>C:\Program Files\KiCad\7.0\share\kicad\symbols\/Device.kicad_sym</uri>
    </library>
  </libraries>
  <nets>
    <net code="1" name="/1">
      <node ref="J2" pin="1" pinfunction="Pin_1" pintype="passive"/>
    </net>
    <net code="2" name="/2">
      <node ref="J2" pin="2" pinfunction="Pin_2" pintype="passive"/>
    </net>
    <net code="3" name="/3">
      <node ref="J2" pin="3" pinfunction="Pin_3" pintype="passive"/>
    </net>
    <net code="4" name="/5">
      <node ref="J2" pin="5" pinfunction="Pin_5" pintype="passive"/>
    </net>
    <net code="5" name="/6">
      <node ref="J2" pin="6" pinfunction="Pin_6" pintype="passive"/>
    </net>
    <net code="6" name="/7">
      <node ref="J2" pin="7" pinfunction="Pin_7" pintype="passive"/>
    </net>
    <net code="7" name="/8">
      <node ref="J2" pin="8" pinfunction="Pin_8" pintype="passive"/>
    </net>
    <net code="8" name="/9">
      <node ref="J2" pin="9" pinfunction="Pin_9" pintype="passive"/>
    </net>
    <net code="9" name="/10">
      <node ref="BZ1" pin="1" pinfunction="-" pintype="passive"/>
      <node ref="J2" pin="10" pinfunction="Pin_10" pintype="passive"/>
    </net>
    <net code="10" name="/11">
      <node ref="J2" pin="11" pinfunction="Pin_11" pintype="passive"/>
      <node ref="R1" pin="1" pintype="passive"/>
    </net>
    <net code="11" name="/12">
      <node ref="J2" pin="12" pinfunction="Pin_12" pintype="passive"/>
      <node ref="R2" pin="1" pintype="passive"/>
    </net>
    <net code="12" name="/13">
      <node ref="J2" pin="13" pinfunction="Pin_13" pintype="passive"/>
      <node ref="R3" pin="1" pintype="passive"/>
    </net>
    <net code="13" name="/14">
      <node ref="J2" pin="14" pinfunction="Pin_14" pintype="passive"/>
      <node ref="R4" pin="1" pintype="passive"/>
    </net>
    <net code="14" name="/15">
      <node ref="J2" pin="15" pinfunction="Pin_15" pintype="passive"/>
      <node ref="R5" pin="1" pintype="passive"/>
    </net>
    <net code="15" name="/16">
      <node ref="J1" pin="1" pinfunction="Pin_1" pintype="passive"/>
      <node ref="R6" pin="1" pintype="passive"/>
    </net>
    <net code="16" name="/17">
      <node ref="J1" pin="2" pinfunction="Pin_2" pintype="passive"/>
    </net>
    <net code="17" name="/18">
      <node ref="J1" pin="3" pinfunction="Pin_3" pintype="passive"/>
    </net>
    <net code="18" name="/19">
      <node ref="J1" pin="4" pinfunction="Pin_4" pintype="passive"/>
    </net>
    <net code="19" name="/20">
      <node ref="J1" pin="5" pinfunction="Pin_5" pintype="passive"/>
    </net>
    <net code="20" name="/21">
      <node ref="J1" pin="6" pinfunction="Pin_6" pintype="passive"/>
    </net>
    <net code="21" name="/22">
      <node ref="J1" pin="7" pinfunction="Pin_7" pintype="passive"/>
    </net>
    <net code="22" name="/23">
      <node ref="J1" pin="8" pinfunction="Pin_8" pintype="passive"/>
    </net>
    <net code="23" name="/24">
      <node ref="J1" pin="9" pinfunction="Pin_9" pintype="passive"/>
    </net>
    <net code="24" name="/25">
      <node ref="J1" pin="10" pinfunction="Pin_10" pintype="passive"/>
    </net>
    <net code="25" name="/26">
      <node ref="J1" pin="11" pinfunction="Pin_11" pintype="passive"/>
    </net>
    <net code="26" name="/27">
      <node ref="J1" pin="12" pinfunction="Pin_12" pintype="passive"/>
    </net>
    <net code="27" name="/28">
      <node ref="J1" pin="13" pinfunction="Pin_13" pintype="passive"/>
    </net>
    <net code="28" name="/30">
      <node ref="J1" pin="15" pinfunction="Pin_15" pintype="passive"/>
    </net>
    <net code="29" name="GND">
      <node ref="BZ1" pin="2" pinfunction="+" pintype="passive"/>
      <node ref="D1" pin="1" pinfunction="K" pintype="passive"/>
      <node ref="D2" pin="1" pinfunction="K" pintype="passive"/>
      <node ref="D3" pin="1" pinfunction="K" pintype="passive"/>
      <node ref="D4" pin="1" pinfunction="K" pintype="passive"/>
      <node ref="D5" pin="1" pinfunction="K" pintype="passive"/>
      <node ref="D6" pin="1" pinfunction="K" pintype="passive"/>
      <node ref="J1" pin="14" pinfunction="Pin_14" pintype="passive"/>
      <node ref="J2" pin="4" pinfunction="Pin_4" pintype="passive"/>
    </net>
    <net code="30" name="Net-(D1-A)">
      <node ref="D1" pin="2" pinfunction="A" pintype="passive"/>
      <node ref="R1" pin="2" pintype="passive"/>
    </net>
    <net code="31" name="Net-(D2-A)">
      <node ref="D2" pin="2" pinfunction="A" pintype="passive"/>
      <node ref="R2" pin="2" pintype="passive"/>
    </net>
    <net code="32" name="Net-(D3-A)">
      <node ref="D3" pin="2" pinfunction="A" pintype="passive"/>
      <node ref="R3" pin="2" pintype="passive"/>
    </net>
    <net code="33" name="Net-(D4-A)">
      <node ref="D4" pin="2" pinfunction="A" pintype="passive"/>
      <node ref="R4" pin="2" pintype="passive"/>
    </net>
    <net code="34" name="Net-(D5-A)">
      <node ref="D5" pin="2" pinfunction="A" pintype="passive"/>
      <node ref="R5" pin="2" pintype="passive"/>
    </net>
    <net code="35" name="Net-(D6-A)">
      <node ref="D6" pin="2" pinfunction="A" pintype="passive"/>
      <node ref="R6" pin="2" pintype="passive"/>
    </net>
    <net code="36" name="unconnected-(J1-MountPin-PadMP)">
      <node ref="J1" pin="MP" pinfunction="MountPin" pintype="passive+no_connect"/>
    </net>
    <net code="37" name="unconnected-(J2-MountPin-PadMP)">
      <node ref="J2" pin="MP" pinfunction="MountPin" pintype="passive+no_connect"/>
    </net>
  </nets>
</export>
