<?xml version="1.0" encoding="UTF-8"?>
<export version="E">
  <design>
    <source>C:\Users\calde\OneDrive\Escritorio\CanSat UTN\Diseño CanSat UTN\Placa sensores\Placa de sensores\Placa de sensores.kicad_sch</source>
    <date>28/9/2023 19:39:03</date>
    <tool>Eeschema 7.0.5</tool>
    <sheet number="1" name="/" tstamps="/">
      <title_block>
        <title/>
        <company/>
        <rev/>
        <date/>
        <source>Placa de sensores.kicad_sch</source>
        <comment number="1" value=""/>
        <comment number="2" value=""/>
        <comment number="3" value=""/>
        <comment number="4" value=""/>
        <comment number="5" value=""/>
        <comment number="6" value=""/>
        <comment number="7" value=""/>
        <comment number="8" value=""/>
        <comment number="9" value=""/>
      </title_block>
    </sheet>
  </design>
  <components>
    <comp ref="J1">
      <value>Conn_01x15_MountingPin</value>
      <footprint>Connector_PinHeader_2.54mm:PinHeader_1x15_P2.54mm_Vertical</footprint>
      <libsource lib="Connector_Generic_MountingPin" part="Conn_01x15_MountingPin" description="Generic connectable mounting pin connector, single row, 01x15, script generated (kicad-library-utils/schlib/autogen/connector/)"/>
      <property name="Sheetname" value=""/>
      <property name="Sheetfile" value="Placa de sensores.kicad_sch"/>
      <property name="ki_description" value="Generic connectable mounting pin connector, single row, 01x15, script generated (kicad-library-utils/schlib/autogen/connector/)"/>
      <property name="ki_keywords" value="connector"/>
      <sheetpath names="/" tstamps="/"/>
      <tstamps>83f2287c-6b31-437c-85d8-b9d5bbad177e</tstamps>
    </comp>
    <comp ref="J2">
      <value>Conn_01x15_MountingPin</value>
      <footprint>Connector_PinHeader_2.54mm:PinHeader_1x15_P2.54mm_Vertical</footprint>
      <libsource lib="Connector_Generic_MountingPin" part="Conn_01x15_MountingPin" description="Generic connectable mounting pin connector, single row, 01x15, script generated (kicad-library-utils/schlib/autogen/connector/)"/>
      <property name="Sheetname" value=""/>
      <property name="Sheetfile" value="Placa de sensores.kicad_sch"/>
      <property name="ki_description" value="Generic connectable mounting pin connector, single row, 01x15, script generated (kicad-library-utils/schlib/autogen/connector/)"/>
      <property name="ki_keywords" value="connector"/>
      <sheetpath names="/" tstamps="/"/>
      <tstamps>e3626da3-26a5-47a9-b6e4-438f89588151</tstamps>
    </comp>
    <comp ref="U1">
      <value>BMP280</value>
      <footprint>BMP280:BMP280</footprint>
      <datasheet>https://ae-bst.resource.bosch.com/media/_tech/media/datasheets/BST-BMP280-DS001.pdf</datasheet>
      <libsource lib="Sensor_Pressure" part="BMP280" description="Absolute Barometric Pressure Sensor, LGA-8"/>
      <property name="Sheetname" value=""/>
      <property name="Sheetfile" value="Placa de sensores.kicad_sch"/>
      <property name="ki_description" value="Absolute Barometric Pressure Sensor, LGA-8"/>
      <property name="ki_keywords" value="I2C, SPI, pressure, temperature, sensor"/>
      <sheetpath names="/" tstamps="/"/>
      <tstamps>18602018-9f02-43e2-93f0-44c486b316e5</tstamps>
    </comp>
    <comp ref="U2">
      <value>~</value>
      <footprint>MPU6050:MPU6050</footprint>
      <libsource lib="MPU5060" part="MPU6050" description=""/>
      <property name="Sheetname" value=""/>
      <property name="Sheetfile" value="Placa de sensores.kicad_sch"/>
      <sheetpath names="/" tstamps="/"/>
      <tstamps>f2e1cdbe-bf72-4ae2-bdf2-f5b0a300b66a</tstamps>
    </comp>
  </components>
  <libparts>
    <libpart lib="Connector_Generic_MountingPin" part="Conn_01x15_MountingPin">
      <description>Generic connectable mounting pin connector, single row, 01x15, script generated (kicad-library-utils/schlib/autogen/connector/)</description>
      <docs>~</docs>
      <footprints>
        <fp>Connector*:*_1x??-1MP*</fp>
      </footprints>
      <fields>
        <field name="Reference">J</field>
        <field name="Value">Conn_01x15_MountingPin</field>
        <field name="Datasheet">~</field>
      </fields>
      <pins>
        <pin num="1" name="Pin_1" type="passive"/>
        <pin num="2" name="Pin_2" type="passive"/>
        <pin num="3" name="Pin_3" type="passive"/>
        <pin num="4" name="Pin_4" type="passive"/>
        <pin num="5" name="Pin_5" type="passive"/>
        <pin num="6" name="Pin_6" type="passive"/>
        <pin num="7" name="Pin_7" type="passive"/>
        <pin num="8" name="Pin_8" type="passive"/>
        <pin num="9" name="Pin_9" type="passive"/>
        <pin num="10" name="Pin_10" type="passive"/>
        <pin num="11" name="Pin_11" type="passive"/>
        <pin num="12" name="Pin_12" type="passive"/>
        <pin num="13" name="Pin_13" type="passive"/>
        <pin num="14" name="Pin_14" type="passive"/>
        <pin num="15" name="Pin_15" type="passive"/>
        <pin num="MP" name="MountPin" type="passive"/>
      </pins>
    </libpart>
    <libpart lib="MPU5060" part="MPU6050">
      <fields>
        <field name="Reference">U</field>
      </fields>
      <pins>
        <pin num="1" name="VDD" type="power_in"/>
        <pin num="2" name="GND" type="power_in"/>
        <pin num="3" name="SCL" type="input"/>
        <pin num="4" name="SDA" type="bidirectional"/>
        <pin num="5" name="AUX_DA" type="bidirectional"/>
        <pin num="6" name="AUX_CL" type="output"/>
        <pin num="7" name="AD0" type="input"/>
        <pin num="8" name="INT" type="output"/>
      </pins>
    </libpart>
    <libpart lib="Sensor_Pressure" part="BMP280">
      <description>Absolute Barometric Pressure Sensor, LGA-8</description>
      <docs>https://ae-bst.resource.bosch.com/media/_tech/media/datasheets/BST-BMP280-DS001.pdf</docs>
      <footprints>
        <fp>Bosch*LGA*2x2.5mm*P0.65mm*</fp>
      </footprints>
      <fields>
        <field name="Reference">U1</field>
        <field name="Value">BMP280</field>
        <field name="Footprint">BMP280:BMP280</field>
        <field name="Datasheet">https://ae-bst.resource.bosch.com/media/_tech/media/datasheets/BST-BMP280-DS001.pdf</field>
      </fields>
      <pins>
        <pin num="1" name="VDD" type="power_in"/>
        <pin num="2" name="GND" type="power_in"/>
        <pin num="3" name="SCK" type="input"/>
        <pin num="4" name="SDI" type="bidirectional"/>
        <pin num="5" name="CSB" type="input"/>
        <pin num="6" name="SDO" type="bidirectional"/>
      </pins>
    </libpart>
  </libparts>
  <libraries>
    <library logical="Connector_Generic_MountingPin">
      <uri>C:\Program Files\KiCad\7.0\share\kicad\symbols\/Connector_Generic_MountingPin.kicad_sym</uri>
    </library>
    <library logical="MPU5060">
      <uri>C:\Users\calde\OneDrive\Escritorio\CanSat UTN\Diseño CanSat UTN\Placa sensores\Placa de sensores/MPU5060.kicad_sym</uri>
    </library>
    <library logical="Sensor_Pressure">
      <uri>C:\Program Files\KiCad\7.0\share\kicad\symbols\/Sensor_Pressure.kicad_sym</uri>
    </library>
  </libraries>
  <nets>
    <net code="1" name="/1">
      <node ref="J2" pin="1" pinfunction="Pin_1" pintype="passive"/>
    </net>
    <net code="2" name="/2">
      <node ref="J2" pin="2" pinfunction="Pin_2" pintype="passive"/>
    </net>
    <net code="3" name="/3">
      <node ref="J2" pin="3" pinfunction="Pin_3" pintype="passive"/>
    </net>
    <net code="4" name="/5">
      <node ref="J2" pin="5" pinfunction="Pin_5" pintype="passive"/>
      <node ref="U2" pin="8" pinfunction="INT" pintype="output"/>
    </net>
    <net code="5" name="/6">
      <node ref="J2" pin="6" pinfunction="Pin_6" pintype="passive"/>
    </net>
    <net code="6" name="/7">
      <node ref="J2" pin="7" pinfunction="Pin_7" pintype="passive"/>
    </net>
    <net code="7" name="/8">
      <node ref="J2" pin="8" pinfunction="Pin_8" pintype="passive"/>
    </net>
    <net code="8" name="/9">
      <node ref="J2" pin="9" pinfunction="Pin_9" pintype="passive"/>
    </net>
    <net code="9" name="/10">
      <node ref="J2" pin="10" pinfunction="Pin_10" pintype="passive"/>
    </net>
    <net code="10" name="/11">
      <node ref="J2" pin="11" pinfunction="Pin_11" pintype="passive"/>
    </net>
    <net code="11" name="/12">
      <node ref="J2" pin="12" pinfunction="Pin_12" pintype="passive"/>
    </net>
    <net code="12" name="/13">
      <node ref="J2" pin="13" pinfunction="Pin_13" pintype="passive"/>
    </net>
    <net code="13" name="/14">
      <node ref="J2" pin="14" pinfunction="Pin_14" pintype="passive"/>
    </net>
    <net code="14" name="/15">
      <node ref="J2" pin="15" pinfunction="Pin_15" pintype="passive"/>
    </net>
    <net code="15" name="/16">
      <node ref="J1" pin="1" pinfunction="Pin_1" pintype="passive"/>
    </net>
    <net code="16" name="/17">
      <node ref="J1" pin="2" pinfunction="Pin_2" pintype="passive"/>
      <node ref="U1" pin="1" pinfunction="VDD" pintype="power_in"/>
      <node ref="U1" pin="6" pinfunction="SDO" pintype="bidirectional"/>
    </net>
    <net code="17" name="/18">
      <node ref="J1" pin="3" pinfunction="Pin_3" pintype="passive"/>
    </net>
    <net code="18" name="/19">
      <node ref="J1" pin="4" pinfunction="Pin_4" pintype="passive"/>
    </net>
    <net code="19" name="/20">
      <node ref="J1" pin="5" pinfunction="Pin_5" pintype="passive"/>
    </net>
    <net code="20" name="/21">
      <node ref="J1" pin="6" pinfunction="Pin_6" pintype="passive"/>
    </net>
    <net code="21" name="/22">
      <node ref="J1" pin="7" pinfunction="Pin_7" pintype="passive"/>
    </net>
    <net code="22" name="/23">
      <node ref="J1" pin="8" pinfunction="Pin_8" pintype="passive"/>
      <node ref="U1" pin="4" pinfunction="SDI" pintype="bidirectional"/>
      <node ref="U2" pin="4" pinfunction="SDA" pintype="bidirectional"/>
    </net>
    <net code="23" name="/24">
      <node ref="J1" pin="9" pinfunction="Pin_9" pintype="passive"/>
      <node ref="U1" pin="3" pinfunction="SCK" pintype="input"/>
      <node ref="U2" pin="3" pinfunction="SCL" pintype="input"/>
    </net>
    <net code="24" name="/25">
      <node ref="J1" pin="10" pinfunction="Pin_10" pintype="passive"/>
    </net>
    <net code="25" name="/26">
      <node ref="J1" pin="11" pinfunction="Pin_11" pintype="passive"/>
    </net>
    <net code="26" name="/27">
      <node ref="J1" pin="12" pinfunction="Pin_12" pintype="passive"/>
      <node ref="U2" pin="1" pinfunction="VDD" pintype="power_in"/>
    </net>
    <net code="27" name="/28">
      <node ref="J1" pin="13" pinfunction="Pin_13" pintype="passive"/>
    </net>
    <net code="28" name="/30">
      <node ref="J1" pin="15" pinfunction="Pin_15" pintype="passive"/>
    </net>
    <net code="29" name="GND">
      <node ref="J1" pin="14" pinfunction="Pin_14" pintype="passive"/>
      <node ref="J2" pin="4" pinfunction="Pin_4" pintype="passive"/>
      <node ref="U1" pin="2" pinfunction="GND" pintype="power_in"/>
      <node ref="U2" pin="2" pinfunction="GND" pintype="power_in"/>
    </net>
    <net code="30" name="unconnected-(J1-MountPin-PadMP)">
      <node ref="J1" pin="MP" pinfunction="MountPin" pintype="passive+no_connect"/>
    </net>
    <net code="31" name="unconnected-(J2-MountPin-PadMP)">
      <node ref="J2" pin="MP" pinfunction="MountPin" pintype="passive+no_connect"/>
    </net>
    <net code="32" name="unconnected-(U1-CSB-Pad5)">
      <node ref="U1" pin="5" pinfunction="CSB" pintype="input"/>
    </net>
    <net code="33" name="unconnected-(U2-AD0-Pad7)">
      <node ref="U2" pin="7" pinfunction="AD0" pintype="input"/>
    </net>
    <net code="34" name="unconnected-(U2-AUX_CL-Pad6)">
      <node ref="U2" pin="6" pinfunction="AUX_CL" pintype="output"/>
    </net>
    <net code="35" name="unconnected-(U2-AUX_DA-Pad5)">
      <node ref="U2" pin="5" pinfunction="AUX_DA" pintype="bidirectional"/>
    </net>
  </nets>
</export>
